City_ID,City,Country,Lat,Lng,Max Temp,Humidity,Cloudiness,Wind Speed,Weather Description
0,Chokurdakh,RU,70.6333,147.9167,-14.13,89,100,11.95,overcast clouds
1,Carnarvon,AU,-24.8667,113.6333,77.0,100,0,9.22,clear sky
2,Prince George,CA,53.9166,-122.753,44.01,48,75,14.97,broken clouds
3,Georgetown,MY,5.4112,100.3354,79.0,94,20,4.61,few clouds
4,Hilo,US,19.7297,-155.09,71.6,78,90,5.93,heavy intensity rain
5,Antofagasta,CL,-23.65,-70.4,73.0,73,20,17.27,few clouds
6,Straumen,NO,63.8709,11.2999,30.99,93,40,5.75,scattered clouds
7,Faanui,PF,-16.4833,-151.75,81.61,77,100,18.68,light rain
8,Hermanus,ZA,-34.4187,19.2345,61.0,90,98,6.98,overcast clouds
9,Port Elizabeth,ZA,-33.918,25.5701,68.0,88,90,9.22,light rain
10,Butaritari,KI,3.0707,172.7902,80.56,79,0,8.16,clear sky
11,Mandan,US,46.8267,-100.8896,57.2,35,1,23.02,clear sky
12,Arraial Do Cabo,BR,-22.9661,-42.0278,77.0,83,75,5.75,broken clouds
13,Provideniya,RU,64.3833,-173.3,31.89,98,100,19.44,snow
14,Aloleng,PH,16.1307,119.7824,76.78,75,24,7.07,few clouds
15,College,US,64.8569,-147.8028,16.0,78,90,4.61,light snow
16,Avarua,CK,-21.2078,-159.775,84.2,79,40,4.61,light rain
17,Tilichiki,RU,60.4667,166.1,-20.56,83,100,7.29,overcast clouds
18,Port Lincoln,AU,-34.7333,135.8667,60.03,80,28,14.34,scattered clouds
19,Busselton,AU,-33.65,115.3333,64.0,87,100,1.99,overcast clouds
20,Tabou,CI,4.423,-7.3528,79.14,85,79,7.67,broken clouds
21,Sao Felix Do Xingu,BR,-6.6447,-51.995,78.66,93,91,2.89,moderate rain
22,Kangaatsiaq,GL,68.3065,-53.4641,12.45,96,100,12.64,overcast clouds
23,Jamestown,US,42.097,-79.2353,30.0,91,1,8.68,clear sky
24,Ust-Kan,RU,50.9276,84.761,17.46,84,100,4.63,overcast clouds
25,Yar-Sale,RU,66.8333,70.8333,-22.79,86,94,8.1,overcast clouds
26,Talcahuano,CL,-36.7167,-73.1167,75.2,69,0,19.57,clear sky
27,Orlik,RU,52.5178,99.825,9.05,86,58,4.43,broken clouds
28,Sao Filipe,CV,14.8961,-24.4956,70.43,77,2,12.28,clear sky
29,New Norfolk,AU,-42.7826,147.0587,55.99,84,100,2.04,overcast clouds
30,Broome,US,42.2506,-75.833,28.0,50,1,10.36,clear sky
31,Palauig,PH,15.435,119.9045,76.53,69,50,3.06,scattered clouds
32,Gorontalo,ID,0.5412,123.0595,72.7,87,68,3.38,broken clouds
33,Barrow,US,71.2906,-156.7887,-14.8,70,90,16.11,haze
34,Dunedin,NZ,-45.8742,170.5036,53.01,65,62,18.01,broken clouds
35,Belaya Gora,RU,68.5333,146.4167,-12.75,90,100,7.81,overcast clouds
36,Takoradi,GH,4.8845,-1.7554,80.87,86,31,7.94,scattered clouds
37,Rapid Valley,US,44.0625,-103.1463,61.0,25,1,10.36,clear sky
38,Sorland,NO,67.667,12.6934,28.4,80,75,2.3,light snow
39,Auki,SB,-8.7676,160.7034,80.02,82,100,2.98,overcast clouds
40,Buraydah,SA,26.326,43.975,64.4,36,0,5.75,clear sky
41,Qaanaaq,GL,77.484,-69.3632,-13.86,64,0,5.75,clear sky
42,Kirakira,SB,-10.4544,161.9205,81.81,78,100,3.8,overcast clouds
43,Hobart,AU,-42.8794,147.3294,55.99,88,75,8.05,broken clouds
44,Richards Bay,ZA,-28.783,32.0377,73.74,84,84,7.61,broken clouds
45,Wajir,KE,1.7471,40.0573,78.42,55,0,19.46,clear sky
46,Marawi,PH,7.9986,124.2928,73.0,90,88,5.99,overcast clouds
47,Znamenskoye,RU,57.1281,73.8282,27.52,98,100,10.54,snow
48,Inhambane,MZ,-23.865,35.3833,73.96,80,10,5.75,clear sky
49,Linxia,CN,35.6003,103.2064,37.31,70,0,2.71,clear sky
50,Keti Bandar,PK,24.1447,67.4497,76.39,70,0,15.75,clear sky
51,Leningradskiy,RU,69.3833,178.4167,-15.03,87,100,7.38,overcast clouds
52,Tiksi,RU,71.6872,128.8694,-16.29,87,100,6.15,overcast clouds
53,Saskylakh,RU,71.9167,114.0833,-30.15,83,98,3.47,overcast clouds
54,Okhotsk,RU,59.3833,143.3,-17.48,79,0,13.2,clear sky
55,Cape Town,ZA,-33.9258,18.4232,66.99,77,20,9.22,few clouds
56,Muros,ES,42.7762,-9.0603,46.99,68,1,1.01,clear sky
57,Bluff,NZ,-46.6,168.3333,55.0,66,91,10.0,overcast clouds
58,Los Llanos De Aridane,ES,28.6585,-17.9182,64.4,77,20,11.5,few clouds
59,Alyangula,AU,-13.8483,136.4192,78.8,94,40,8.41,scattered clouds
60,Nantucket,US,41.2835,-70.0995,30.2,55,1,5.75,clear sky
61,Yellowknife,CA,62.456,-114.3525,12.2,62,20,17.27,few clouds
62,Kieta,PG,-6.2167,155.6333,77.31,86,100,4.72,moderate rain
63,Venado Tuerto,AR,-33.7456,-61.9688,96.64,12,0,6.76,clear sky
64,Grindavik,IS,63.8424,-22.4338,41.0,93,75,20.71,broken clouds
65,Awjilah,LY,29.1081,21.2869,65.55,31,0,9.75,clear sky
66,Punta Arenas,CL,-53.15,-70.9167,48.2,57,20,34.52,few clouds
67,Vaini,TO,-21.2,-175.2,82.4,83,75,11.5,light rain
68,Guerrero Negro,MX,27.9769,-114.0611,65.01,55,9,14.79,clear sky
69,Namibe,AO,-15.1961,12.1522,76.59,81,88,1.92,overcast clouds
70,Torbay,CA,47.6666,-52.7314,32.0,69,75,17.27,broken clouds
71,Kununurra,AU,-15.7667,128.7333,80.6,94,50,3.44,scattered clouds
72,Fayetteville,US,35.0527,-78.8784,54.0,17,1,10.36,clear sky
73,Kampot,KH,10.6167,104.1833,77.0,78,20,4.61,few clouds
74,Bethel,US,41.3712,-73.414,37.0,43,14,3.0,few clouds
75,Sur,OM,22.5667,59.5289,73.53,50,0,5.39,clear sky
76,Port Alfred,ZA,-33.5906,26.891,66.0,90,24,9.75,few clouds
77,Seybaplaya,MX,19.65,-90.6667,78.8,61,20,11.5,few clouds
78,Srednekolymsk,RU,67.45,153.6833,-21.12,87,100,9.44,overcast clouds
79,Geraldton,AU,-28.7667,114.6,77.0,57,0,18.41,clear sky
80,Egvekinot,RU,66.3167,-179.1667,-0.62,96,100,16.75,snow
81,Olafsvik,IS,64.8945,-23.7142,39.79,77,87,17.25,overcast clouds
82,Portland,US,45.5234,-122.6762,48.99,81,75,11.5,broken clouds
83,Atuona,PF,-9.8,-139.0333,79.77,73,37,11.1,scattered clouds
84,Mar Del Plata,AR,-38.0023,-57.5575,84.99,47,0,10.36,clear sky
85,Yinchuan,CN,38.4681,106.2731,44.55,60,100,9.4,overcast clouds
86,Port Blair,IN,11.6667,92.75,79.29,78,0,7.45,clear sky
87,Praia Da Vitoria,PT,38.7333,-27.0667,62.6,94,75,15.37,broken clouds
88,Rikitea,PF,-23.1203,-134.9692,80.76,78,100,17.4,light rain
89,Toda Raisingh,IN,26.0252,75.4849,69.08,27,0,8.34,clear sky
90,Saint-Philippe,RE,-21.3585,55.7679,77.0,88,15,4.61,few clouds
91,Batemans Bay,AU,-35.7167,150.1833,62.01,94,38,1.99,scattered clouds
92,Vardo,NO,70.3705,31.1107,24.8,68,75,9.22,light snow
93,Luderitz,NA,-26.6481,15.1594,66.61,65,0,17.52,clear sky
94,Puerto Ayora,EC,-0.7393,-90.3518,86.0,70,20,11.5,light rain
95,Kodiak,US,57.79,-152.4072,42.8,49,1,11.5,clear sky
96,Shingu,JP,33.7333,135.9833,52.43,90,100,9.4,overcast clouds
97,Maningrida,AU,-12.0667,134.2667,78.91,87,60,6.8,broken clouds
98,Moa,CU,20.6569,-74.9403,80.13,67,28,6.55,scattered clouds
99,Talnakh,RU,69.4865,88.3972,-10.7,89,100,6.33,overcast clouds
100,Kapaa,US,22.0752,-159.319,75.2,69,40,16.11,light rain
101,Shimoda,JP,34.6667,138.95,39.0,90,100,10.22,overcast clouds
102,Marzuq,YE,14.4,46.4667,61.18,34,23,5.06,few clouds
103,Ancud,CL,-41.8697,-73.8203,66.2,48,0,11.5,clear sky
104,Kutum,SD,14.2,24.6667,64.62,18,21,13.62,few clouds
105,Sakakah,SA,29.9697,40.2064,62.6,25,0,6.91,clear sky
106,Ouadda,CF,8.0777,22.4007,76.98,24,79,1.16,broken clouds
107,Ponta Do Sol,PT,32.6667,-17.1,59.0,76,57,1.01,broken clouds
108,Alofi,NU,-19.0595,-169.9187,82.4,89,75,6.91,light intensity drizzle
109,Ushuaia,AR,-54.8,-68.3,44.6,70,40,26.46,scattered clouds
110,Ishurdi,BD,24.1333,89.0833,67.86,88,0,7.0,clear sky
111,Northam,GB,51.0333,-4.2167,33.01,73,49,1.01,scattered clouds
112,Mangrol,IN,21.1167,70.1167,74.39,83,0,7.07,clear sky
113,Mosquera,CO,4.7059,-74.2302,59.0,88,75,5.75,broken clouds
114,Lata,PT,40.1629,-8.3327,54.0,90,28,1.99,scattered clouds
115,Nuqui,CO,5.7125,-77.2708,81.01,81,88,9.44,light rain
116,Deputatskiy,RU,69.3,139.9,-20.38,86,100,6.24,overcast clouds
117,Ayame,CI,5.6083,-3.1563,77.32,91,95,4.92,overcast clouds
118,Aripuana,BR,-9.1667,-60.6333,86.59,67,52,2.01,broken clouds
119,Bredasdorp,ZA,-34.5322,20.0403,62.6,77,100,5.75,overcast clouds
120,Umtata,ZA,-31.5889,28.7844,62.6,94,99,3.44,overcast clouds
121,Shurob,TJ,40.0491,70.5489,36.28,84,81,0.76,broken clouds
122,Asau,RO,46.4333,26.4,36.0,41,0,6.91,clear sky
123,East London,ZA,-33.0153,27.9116,69.98,81,60,6.15,broken clouds
124,Ribeira Grande,PT,38.5167,-28.7,60.8,100,75,13.8,light intensity drizzle
125,Albany,US,42.6001,-73.9662,33.01,36,58,10.0,broken clouds
126,Aklavik,CA,68.2191,-135.0107,-9.4,59,75,4.61,broken clouds
127,Griffith,US,41.5284,-87.4237,51.01,43,1,9.22,clear sky
128,Kaitangata,NZ,-46.2817,169.8464,53.01,67,91,11.99,overcast clouds
129,Hami,CN,42.8,93.45,38.01,66,54,2.93,broken clouds
130,Sakata,JP,38.9167,139.855,32.5,86,7,1.5,clear sky
131,Bontang,ID,0.1333,117.5,76.37,85,87,5.53,overcast clouds
132,Xining,CN,36.6167,101.7667,31.93,85,0,1.86,clear sky
133,Mataura,NZ,-46.1927,168.8643,55.0,66,92,10.0,overcast clouds
134,Gashua,NG,12.871,11.0482,79.09,13,0,9.1,clear sky
135,Mount Isa,AU,-20.7333,139.5,78.8,61,59,9.22,broken clouds
136,Lagoa,PT,39.05,-27.9833,60.12,97,93,14.97,overcast clouds
137,Synya,RU,65.3718,58.0387,-19.03,88,75,1.77,broken clouds
138,Karratha,AU,-20.7377,116.8463,80.31,80,1,8.93,clear sky
139,Kouango,CF,4.9934,19.9619,80.58,38,100,5.03,overcast clouds
140,Mayor Pablo Lagerenza,PY,-19.9309,-60.7718,93.22,33,47,6.11,scattered clouds
141,San Jorge,AR,-31.8962,-61.8598,91.99,27,0,1.99,clear sky
142,Te Anau,NZ,-45.4167,167.7167,46.58,71,59,0.83,broken clouds
143,Chuy,UY,-33.6971,-53.4616,73.08,77,19,8.93,few clouds
144,Cayenne,GF,4.9333,-52.3333,80.6,83,20,5.75,few clouds
145,Bulgan,MN,48.8125,103.5347,25.25,78,0,4.83,clear sky
146,Tuktoyaktuk,CA,69.4541,-133.0374,-16.6,76,20,13.8,snow
147,Luena,AO,-11.7833,19.9167,65.41,81,63,2.8,broken clouds
148,Castro,BR,-24.7911,-50.0119,67.75,92,42,5.03,scattered clouds
149,Kudahuvadhoo,MV,2.6708,72.8944,81.99,74,0,10.47,clear sky
150,Lianzhou,CN,24.7811,112.3825,53.91,82,90,2.01,overcast clouds
151,Pahrump,US,36.2083,-115.9839,70.0,20,100,9.66,overcast clouds
152,Debre Sina,ET,9.85,39.7667,48.29,55,0,2.33,clear sky
153,Vila Velha,BR,-20.3297,-40.2925,84.0,89,90,3.44,overcast clouds
154,Amalapuram,IN,16.5833,82.0167,70.88,95,1,1.68,clear sky
155,Syracuse,IT,37.0881,15.2792,55.4,82,75,5.75,broken clouds
156,Salta,AR,-24.7859,-65.4117,82.4,47,40,8.05,scattered clouds
157,Nyurba,RU,63.2842,118.3319,12.7,96,100,3.53,light snow
158,Cherskiy,RU,68.75,161.3,-23.24,87,100,6.71,overcast clouds
159,Dikson,RU,73.5069,80.5464,-16.56,88,99,8.99,overcast clouds
160,Ust-Koksa,RU,50.2696,85.6108,18.09,85,100,1.72,overcast clouds
161,Mwinilunga,ZM,-11.7358,24.4293,64.27,93,99,1.36,moderate rain
162,Quang Ngai,VN,15.1167,108.8,71.67,87,52,3.18,broken clouds
163,Port Hedland,AU,-20.3167,118.5667,78.8,83,39,9.22,scattered clouds
164,Kruisfontein,ZA,-34.0033,24.7314,69.01,80,83,3.0,broken clouds
165,Rawson,AR,-43.3002,-65.1023,82.08,17,0,32.79,clear sky
166,Methoni,GR,36.8197,21.7049,55.0,76,40,5.99,scattered clouds
167,Troitskoye,RU,52.9821,84.6757,19.85,97,97,5.88,overcast clouds
168,Dubki,RU,43.0225,46.8372,24.51,89,21,5.99,few clouds
169,Becerril,CO,9.7041,-73.2793,96.6,35,84,6.35,broken clouds
170,Gizo,SB,-8.103,156.8419,81.28,77,100,6.29,overcast clouds
171,Aksu,CN,41.1231,80.2644,40.89,65,49,2.84,scattered clouds
172,La Palma,US,33.8464,-118.0467,64.0,67,75,4.61,broken clouds
173,Caravelas,BR,-17.7125,-39.2481,79.99,79,45,10.83,scattered clouds
174,Ginda,IN,30.6945,78.4932,50.85,62,100,7.02,overcast clouds
175,Ternate,ID,0.8,127.4,78.57,75,78,6.8,broken clouds
176,Cap Malheureux,MU,-19.9842,57.6142,80.01,80,84,18.63,light rain
177,Batagay,RU,67.6333,134.6333,-22.76,84,96,4.18,overcast clouds
178,Lahaina,US,20.8783,-156.6825,80.6,53,1,14.97,clear sky
179,Escalerillas,MX,22.1333,-101.0667,73.4,25,20,13.8,few clouds
180,Udachnyy,RU,66.4167,112.4,2.59,92,99,1.45,overcast clouds
181,Zabid,YE,14.1951,43.3152,81.46,47,0,1.61,clear sky
182,Airai,TL,-8.9266,125.4092,58.64,100,34,0.87,scattered clouds
183,Roebourne,AU,-20.7833,117.1333,80.28,78,0,9.98,clear sky
184,Kavieng,PG,-2.5744,150.7967,80.74,77,100,5.08,moderate rain
185,Salalah,OM,17.0151,54.0924,77.0,57,0,3.44,clear sky
186,Zalantun,CN,48.0,122.7167,16.79,89,0,1.74,clear sky
187,Ixtapa,MX,20.7,-105.2,80.6,65,1,12.66,clear sky
188,Nanortalik,GL,60.1432,-45.2371,30.33,98,100,11.34,light snow
189,Sumbe,AO,-11.2061,13.8437,79.02,83,99,8.01,overcast clouds
190,San Juan,AR,-31.5375,-68.5364,96.19,19,0,5.14,clear sky
191,Valley City,US,46.9233,-98.0032,57.2,47,1,25.32,clear sky
192,Tarauaca,BR,-8.1614,-70.7656,84.43,68,85,2.1,moderate rain
193,Cidreira,BR,-30.1811,-50.2056,74.5,68,0,7.52,clear sky
194,Port-Gentil,GA,-0.7193,8.7815,82.4,78,20,5.75,few clouds
195,Hay River,CA,60.8156,-115.7999,15.8,67,100,13.8,overcast clouds
196,Vila Franca Do Campo,PT,37.7167,-25.4333,62.6,88,40,9.22,scattered clouds
197,Pangnirtung,CA,66.1451,-65.7125,-5.8,84,1,3.44,clear sky
198,Omboue,GA,-1.5746,9.2618,79.18,87,0,7.45,clear sky
199,Warrington,GB,53.3925,-2.5802,42.8,81,14,2.3,few clouds
200,Eureka,US,40.8021,-124.1637,57.0,58,97,7.0,overcast clouds
201,Akureyri,IS,65.6835,-18.0878,30.2,80,0,2.3,clear sky
202,Souillac,MU,-20.5167,57.5167,77.0,88,40,5.75,scattered clouds
203,Montgomery,US,39.1501,-77.1997,46.0,28,1,4.61,clear sky
204,Nemuro,JP,43.3236,145.575,25.03,90,0,11.12,clear sky
205,Katherine,AU,-14.4667,132.2667,75.2,88,54,2.3,broken clouds
206,Meulaboh,ID,4.1363,96.1285,77.59,78,98,2.62,overcast clouds
207,Santa Maria,BR,-29.6842,-53.8069,78.8,53,0,6.91,clear sky
208,Klaksvik,FO,62.2266,-6.589,41.0,100,90,1.14,fog
209,Hithadhoo,MV,-0.6,73.0833,83.17,68,0,9.86,clear sky
210,Vanavara,RU,60.34,102.2797,17.29,97,100,8.08,overcast clouds
211,Ust-Kut,RU,56.7938,105.7672,15.42,93,97,10.38,overcast clouds
212,Shahr-E Kord,IR,32.3256,50.8644,28.4,40,0,6.91,clear sky
213,Kalmunai,LK,7.4167,81.8167,78.91,86,84,7.14,broken clouds
214,Krasnoselkup,RU,65.7,82.4667,-16.33,89,76,4.23,broken clouds
215,Veracruz,MX,19.3333,-96.6667,79.0,50,75,12.66,broken clouds
216,Baghmara,IN,23.795,86.2085,70.61,23,59,4.99,broken clouds
217,Severo-Kurilsk,RU,50.6789,156.125,15.22,91,95,26.02,light snow
218,Chegutu,ZW,-18.1302,30.1407,62.08,76,0,6.44,clear sky
219,Namatanai,PG,-3.6667,152.4333,79.48,78,100,5.21,light rain
220,Margate,GB,51.3813,1.3862,37.99,71,0,2.17,clear sky
221,Brantford,CA,43.1334,-80.2664,32.0,40,20,6.91,few clouds
222,Charleston,US,32.7766,-79.9309,57.99,19,1,16.11,clear sky
223,Berlevag,NO,70.8578,29.0864,19.4,79,75,11.5,snow
224,Yeppoon,AU,-23.1333,150.7333,75.2,83,34,8.93,scattered clouds
225,Tampere,FI,61.4991,23.7871,23.0,73,90,11.5,light snow
226,Codrington,AU,-38.2667,141.9667,57.38,92,100,8.9,overcast clouds
227,Hailey,US,43.5196,-114.3153,39.2,52,1,6.91,clear sky
228,Batticaloa,LK,7.7102,81.6924,79.63,83,56,5.64,broken clouds
229,Crewe,GB,53.0979,-2.4416,37.99,70,23,3.89,few clouds
230,Simbahan,PH,6.3032,120.5836,81.41,79,100,14.65,overcast clouds
231,Bambous Virieux,MU,-20.3428,57.7575,80.01,88,40,5.75,scattered clouds
232,Qusar,AZ,41.4273,48.4289,26.44,92,66,2.91,broken clouds
233,Male,MV,4.1748,73.5089,82.4,78,20,3.44,few clouds
234,Katsuura,JP,35.1333,140.3,44.01,93,75,9.22,broken clouds
235,Tasiilaq,GL,65.6145,-37.6368,33.8,100,75,42.57,snow
236,Etchojoa,MX,26.9167,-109.6333,84.99,32,74,11.48,broken clouds
237,San Patricio,US,28.017,-97.5169,70.0,37,40,19.57,scattered clouds
238,Gravdal,NO,68.1214,13.5031,28.4,80,75,2.3,broken clouds
239,Ilulissat,GL,69.2167,-51.1,19.4,68,90,13.8,overcast clouds
240,Tecoanapa,MX,16.5167,-98.75,84.51,56,0,11.48,clear sky
241,Ajdabiya,LY,30.7554,20.2263,62.58,60,0,6.13,clear sky
242,Borovichi,RU,58.3878,33.9155,19.6,96,100,10.65,light snow
243,Puerto Cabezas,NI,14.0351,-83.3888,84.2,79,40,9.22,scattered clouds
244,Bengkulu,ID,-3.8004,102.2655,74.8,83,95,4.21,light rain
245,Carballo,ES,43.213,-8.691,44.6,70,0,3.44,clear sky
246,Padang,ID,-0.9492,100.3543,73.4,94,40,2.3,scattered clouds
247,Pevek,RU,69.7008,170.3133,-20.52,84,100,12.1,overcast clouds
248,Lebu,CL,-37.6167,-73.65,65.1,81,56,13.67,broken clouds
249,Svetlogorsk,BY,52.6333,29.7333,30.42,98,100,9.62,snow
250,Khatanga,RU,71.9667,102.5,-28.98,85,87,7.9,overcast clouds
251,Hambantota,LK,6.1241,81.1185,78.48,84,87,11.14,overcast clouds
252,Coihaique,CL,-45.5752,-72.0662,53.6,47,75,9.22,broken clouds
253,Pisco,PE,-13.7,-76.2167,78.8,65,40,24.16,scattered clouds
254,Springbok,ZA,-29.6643,17.8865,60.58,71,0,3.38,clear sky
255,Roma,US,43.2128,-75.4557,28.0,43,1,13.8,clear sky
256,Yalvac,TR,38.2956,31.1778,36.39,82,50,3.56,scattered clouds
257,Qaqortoq,GL,60.7167,-46.0333,30.2,86,75,6.91,light snow
258,Lancut,PL,50.0687,22.2291,36.0,75,90,12.66,overcast clouds
259,Bozoum,CF,6.3193,16.3799,72.95,21,31,1.16,scattered clouds
260,Mazatlan,MX,23.2167,-106.4167,78.8,50,1,11.5,clear sky
261,Escanaba,US,45.7453,-87.0646,30.99,80,75,13.8,broken clouds
262,Kurilsk,RU,45.2333,147.8833,21.47,90,98,12.88,overcast clouds
263,Babaeski,TR,41.4325,27.0931,33.71,88,29,6.44,scattered clouds
264,Fillan,NO,63.6064,8.9696,32.0,93,20,12.66,few clouds
265,Hachinohe,JP,40.5,141.5,34.0,54,0,5.99,clear sky
266,Cockburn Town,TC,21.4612,-71.1419,82.4,61,20,4.61,few clouds
267,Surt,LY,31.2089,16.5887,61.3,81,0,17.96,clear sky
268,Razgrad,BG,43.5333,26.5167,37.0,65,0,4.18,clear sky
269,Mahebourg,MU,-20.4081,57.7,77.0,88,40,5.75,scattered clouds
270,Esperance,AU,-33.8667,121.9,62.6,88,75,3.44,broken clouds
271,Broken Hill,AU,-31.95,141.4333,73.4,33,90,8.05,overcast clouds
272,Tupancireta,BR,-29.0806,-53.8358,74.66,61,0,4.94,clear sky
273,Acarau,BR,-2.8856,-40.12,80.8,79,96,12.93,heavy intensity rain
274,Guanica,PR,17.9716,-66.908,84.0,72,0,5.01,clear sky
275,Vostok,RU,46.4856,135.8833,3.92,95,100,3.96,overcast clouds
276,Jumla,NP,29.2747,82.1838,43.34,62,95,3.78,overcast clouds
277,Hasaki,JP,35.7333,140.8333,41.0,93,75,8.05,light rain
278,Murray Bridge,AU,-35.1167,139.2667,59.0,95,28,1.01,scattered clouds
279,Havoysund,NO,70.9963,24.6622,26.6,86,75,10.36,light snow
280,Komsomolskiy,UZ,40.4272,71.7189,42.8,75,57,4.61,broken clouds
281,Westport,US,41.1415,-73.3579,41.0,30,1,11.5,clear sky
282,Sabang,ID,5.8933,95.3214,81.77,76,75,7.47,broken clouds
283,Livingston,GB,55.9029,-3.5226,45.0,87,75,9.22,broken clouds
284,Redwater,US,33.3582,-94.2544,66.2,26,1,10.36,clear sky
285,Scarborough,GB,54.2797,-0.4044,37.99,86,99,4.23,overcast clouds
286,Tuatapere,NZ,-46.1333,167.6833,55.0,66,89,10.0,overcast clouds
287,Chapais,CA,49.7834,-74.8492,12.2,57,75,4.61,broken clouds
288,Asyut,EG,27.181,31.1837,62.6,55,0,10.36,clear sky
289,Kabinda,CD,-6.1333,24.4833,63.95,96,100,2.95,overcast clouds
290,Resistencia,AR,-27.4606,-58.9839,91.0,35,0,6.91,clear sky
291,Natal,BR,-5.795,-35.2094,82.4,74,20,10.36,few clouds
292,Victoria,HK,22.2855,114.1577,66.0,92,92,1.99,overcast clouds
293,Atar,MR,20.5169,-13.0499,68.65,25,0,10.71,clear sky
294,Ambanja,MG,-13.6833,48.45,74.55,94,100,2.33,heavy intensity rain
295,Goderich,CA,43.7501,-81.7165,24.8,63,13,5.75,few clouds
296,Bathsheba,BB,13.2167,-59.5167,80.6,61,40,23.02,scattered clouds
297,Conceicao Do Araguaia,BR,-8.2578,-49.2647,84.2,74,20,6.91,few clouds
298,Homer,US,59.6425,-151.5483,28.0,74,1,8.05,clear sky
299,Palmer,US,42.1584,-72.3287,37.4,28,1,12.66,clear sky
300,Mayskiy,RU,47.6931,40.1025,28.4,86,0,17.9,clear sky
301,Poum,NC,-20.2333,164.0167,77.47,73,1,9.06,clear sky
302,Mehamn,NO,71.0357,27.8492,19.4,79,0,8.05,clear sky
303,Trinidad,BO,-14.8333,-64.9,91.4,55,40,4.61,scattered clouds
304,Ciudad Guayana,VE,8.3533,-62.6528,88.0,68,81,5.01,broken clouds
305,Faro,PT,37.0194,-7.9322,55.4,82,0,11.5,clear sky
306,Peterlee,GB,54.7603,-1.3365,42.01,86,97,4.83,overcast clouds
307,Ozinki,RU,51.1786,49.6769,21.07,95,100,21.34,overcast clouds
308,Santa Vitoria Do Palmar,BR,-33.5189,-53.3681,73.29,75,17,8.59,few clouds
309,Bomet,KE,-0.7813,35.3416,60.42,67,89,1.97,overcast clouds
310,Hervey Bay,AU,-25.2986,152.8535,80.01,67,79,4.0,broken clouds
311,Estevan,CA,49.1334,-102.9842,50.0,43,1,13.8,clear sky
312,Satuba,BR,-9.5633,-35.8244,80.6,78,0,6.91,clear sky
313,Evensk,RU,61.95,159.2333,-26.05,72,0,7.11,clear sky
314,Fort Nelson,CA,58.8053,-122.7002,26.6,54,20,10.36,few clouds
315,Hofn,IS,64.2539,-15.2082,37.98,75,88,6.87,overcast clouds
316,Matara,LK,5.9485,80.5353,76.14,89,82,7.85,broken clouds
317,Saint George,US,37.1041,-113.5841,69.8,16,1,4.61,clear sky
318,Eyl,SO,7.9803,49.8164,74.39,82,0,12.75,clear sky
319,Abbeville,FR,50.1,1.8333,32.0,82,0,6.22,clear sky
320,Ondjiva,AO,-17.0667,15.7333,73.35,53,40,6.64,scattered clouds
321,Hamilton,US,39.1834,-84.5333,50.0,18,1,6.91,clear sky
322,Mareeba,AU,-17.0,145.4333,75.99,94,25,3.67,scattered clouds
323,Sayyan,YE,15.1718,44.3244,54.28,40,0,3.94,clear sky
324,Kencong,ID,-8.2833,113.3667,74.62,86,100,3.18,overcast clouds
325,Imbituba,BR,-28.24,-48.6703,77.0,78,75,10.36,broken clouds
326,Orange Cove,US,36.6244,-119.3137,60.8,48,1,4.61,clear sky
327,Den Helder,NL,52.9599,4.7593,41.0,75,90,9.22,overcast clouds
328,Pokhara,NP,28.2333,83.9833,60.98,33,0,5.12,clear sky
329,Champerico,GT,14.3,-91.9167,89.6,55,75,13.8,broken clouds
330,Saldanha,ZA,-33.0117,17.9442,60.8,72,28,4.61,scattered clouds
331,Lodeynoye Pole,RU,60.726,33.5531,16.72,94,100,11.86,overcast clouds
332,Dingle,PH,10.9995,122.6711,73.67,90,99,7.99,overcast clouds
333,Ballina,AU,-28.8667,153.5667,73.4,83,78,8.05,broken clouds
334,Gimli,CA,50.6336,-96.9907,39.2,81,94,8.05,overcast clouds
335,Thompson,CA,55.7435,-97.8558,42.8,56,40,16.11,scattered clouds
336,Walvis Bay,NA,-22.9575,14.5053,64.4,72,0,8.05,clear sky
337,Lake City,US,30.1897,-82.6393,66.2,27,1,6.91,clear sky
338,Tandalti,SD,13.0167,31.8667,78.66,16,8,9.78,clear sky
339,Konstantinovka,RU,49.6167,127.9833,4.46,91,0,5.91,clear sky
340,Turan,VN,16.0678,108.2208,75.2,94,40,1.14,scattered clouds
341,Kahului,US,20.8947,-156.47,80.6,54,40,20.71,scattered clouds
342,Gat,IL,31.61,34.7642,55.0,100,0,1.83,clear sky
343,Charters Towers,AU,-20.1,146.2667,70.61,88,40,9.06,scattered clouds
344,Prescott,US,34.54,-112.4685,66.99,14,1,4.61,clear sky
345,Krasnoarmeysk,RU,51.0239,45.6969,28.0,76,100,10.0,overcast clouds
346,Bonavista,CA,48.6499,-53.1147,30.99,69,27,10.36,scattered clouds
347,Altay,CN,47.8667,88.1167,25.12,78,99,3.83,overcast clouds
348,Port Macquarie,AU,-31.4333,152.9167,70.0,99,30,7.4,scattered clouds
349,Longyearbyen,SJ,78.2186,15.6401,5.0,66,20,12.66,few clouds
350,Christchurch,NZ,-43.5333,172.6333,61.0,62,84,10.36,broken clouds
351,Banda Aceh,ID,5.5577,95.3222,79.3,78,94,5.01,overcast clouds
352,Tanete,ID,-3.9443,119.7848,74.95,90,100,0.22,overcast clouds
353,Kupang,ID,-10.1667,123.5833,75.2,100,40,2.3,scattered clouds
354,Upernavik,GL,72.7868,-56.1549,-18.96,82,0,12.62,clear sky
355,Birjand,IR,32.8663,59.2211,37.4,38,0,6.91,clear sky
356,Avera,US,33.194,-82.5271,59.0,20,1,9.22,clear sky
357,Anadyr,RU,64.75,177.4833,-11.2,77,40,6.71,scattered clouds
358,Haines Junction,CA,60.7522,-137.5108,21.2,53,98,9.22,overcast clouds
359,Murud,IN,18.3258,72.965,74.12,62,0,6.31,clear sky
360,Pacific Grove,US,36.6177,-121.9166,57.2,62,1,11.5,clear sky
361,Morro Bay,US,35.3658,-120.8499,63.0,75,100,8.99,overcast clouds
362,Werota,ET,11.9167,37.7,75.0,26,34,7.09,scattered clouds
363,Tommot,RU,58.9564,126.2925,11.03,93,99,3.89,overcast clouds
364,Rochegda,RU,62.8,43.25,4.55,93,100,7.27,overcast clouds
365,Morehead,US,37.2711,-87.1764,63.0,20,1,3.33,clear sky
366,Kinsale,IE,51.7075,-8.5306,41.0,87,75,5.75,broken clouds
367,Asfi,MA,32.2994,-9.2372,57.85,83,40,9.53,scattered clouds
368,Vitim,RU,59.4511,112.5578,18.16,96,100,5.73,overcast clouds
369,Lavrentiya,RU,65.5833,-171.0,30.15,98,100,29.95,snow
370,Alice Springs,AU,-23.7,133.8833,73.4,35,45,5.75,scattered clouds
371,Saurimo,AO,-9.6608,20.3916,66.29,89,100,4.0,overcast clouds
372,Agirish,RU,61.9247,63.0231,-5.3,92,95,1.21,overcast clouds
373,Mier,MX,26.4333,-99.15,72.0,43,90,6.91,overcast clouds
374,Ponta Delgada,PT,37.7333,-25.6667,62.6,88,40,9.22,scattered clouds
375,Chinhoyi,ZW,-17.3667,30.2,63.46,92,7,2.98,clear sky
376,Guangshui,CN,31.6199,113.9978,41.4,82,92,2.93,overcast clouds
377,Mackay,AU,-21.15,149.2,73.4,88,40,3.44,scattered clouds
378,Kearney,US,40.6995,-99.0815,68.0,30,1,11.5,clear sky
379,Atambua,ID,-9.1061,124.8925,73.06,91,38,1.68,scattered clouds
380,Yuanping,CN,38.7153,112.7575,35.28,82,96,0.27,overcast clouds
381,Moen,NO,69.1304,18.6123,19.4,93,90,2.86,light snow
382,Nhulunbuy,AU,-12.2333,136.7667,78.8,94,75,3.44,broken clouds
383,Labuhan,ID,-6.8844,112.2051,77.11,86,100,6.76,overcast clouds
384,Druzhba,UA,52.0428,33.9453,28.58,99,100,10.56,light snow
385,Ambon,ID,-3.6954,128.1814,75.2,94,40,4.61,scattered clouds
386,Sitka,US,57.0531,-135.33,44.6,70,1,5.75,clear sky
387,Beringovskiy,RU,63.05,179.3167,19.78,92,65,18.61,broken clouds
388,Norman Wells,CA,65.282,-126.8329,1.4,66,75,19.57,broken clouds
389,Nishihara,JP,26.1842,127.7558,66.2,82,75,3.44,broken clouds
390,Chabahar,IR,25.2919,60.643,71.92,62,0,9.01,clear sky
391,Tucuman,AR,-26.8241,-65.2226,87.8,58,0,6.91,clear sky
392,Rayachoti,IN,14.05,78.75,71.65,59,0,6.91,clear sky
393,Nova Vicosa,BR,-17.8919,-39.3719,80.29,79,84,12.86,moderate rain
394,Svetlaya,RU,46.5389,138.3297,12.96,85,19,7.85,few clouds
395,Morondava,MG,-20.2833,44.2833,78.37,79,1,6.8,clear sky
396,Fairbanks,US,64.8378,-147.7164,16.0,81,100,1.86,overcast clouds
397,Iberia,US,29.9502,-91.7507,68.0,21,1,6.91,clear sky
398,Parkent,UZ,41.2944,69.6764,46.4,76,99,2.3,mist
399,Usvyaty,RU,55.7456,30.7533,22.95,93,97,10.04,overcast clouds
400,Sobolevo,RU,54.4299,31.8996,22.15,95,69,11.03,broken clouds
401,Henties Bay,NA,-22.116,14.2845,67.08,72,0,8.9,clear sky
402,Constitucion,CL,-35.3333,-72.4167,70.68,64,1,18.12,clear sky
403,Nikolskoye,RU,59.7035,30.7861,21.2,86,90,15.66,snow
404,Ahipara,NZ,-35.1667,173.1667,65.17,66,93,14.07,overcast clouds
405,Cheremukhovo,RU,60.3484,59.9851,-6.16,90,96,2.48,overcast clouds
406,Okahandja,NA,-21.9833,16.9167,69.01,59,71,2.3,broken clouds
407,Cairns,AU,-16.9167,145.7667,75.99,94,25,6.55,scattered clouds
408,Taoudenni,ML,22.6783,-3.9836,73.58,19,0,10.0,clear sky
409,Tefe,BR,-3.3542,-64.7114,78.8,89,40,6.91,moderate rain
410,Pamekasan,ID,-7.1568,113.4746,76.73,85,100,6.42,overcast clouds
411,Teya,RU,60.3778,92.6267,10.17,92,73,8.14,broken clouds
412,Aktau,KZ,43.65,51.2,24.8,80,0,4.47,clear sky
413,Akyab,MM,20.15,92.9,69.53,87,74,5.14,broken clouds
414,Isangel,VU,-19.55,169.2667,80.6,74,20,11.07,few clouds
415,Candelaria,PH,13.9311,121.4233,75.0,87,23,5.35,few clouds
416,Corrientes,AR,-27.4806,-58.8341,91.4,29,0,5.75,clear sky
417,Vikulovo,RU,56.8167,70.6107,20.98,98,100,9.71,snow
418,Farap,TM,39.1704,63.6116,41.0,93,93,6.91,overcast clouds
419,Neuquen,AR,-38.9516,-68.0591,84.2,34,0,10.36,clear sky
420,Divnogorsk,RU,55.9594,92.3619,15.8,53,0,6.71,clear sky
421,Fukue,JP,32.6881,128.8419,52.34,77,33,23.91,scattered clouds
422,Turayf,SA,31.6725,38.6637,55.4,38,0,6.91,clear sky
423,Dourados,BR,-22.2211,-54.8056,79.59,71,3,6.35,clear sky
424,Lasa,IT,46.6166,10.7002,39.99,80,0,5.75,clear sky
425,Tari,NG,12.4086,4.4914,85.1,13,8,9.55,clear sky
426,Tateyama,JP,34.9833,139.8667,44.01,88,100,3.0,overcast clouds
427,Khuzdar,PK,27.7384,66.6434,58.57,31,0,4.79,clear sky
428,Iguape,BR,-24.7081,-47.5553,75.56,85,99,9.93,light rain
429,Yulara,AU,-25.2406,130.9889,71.6,49,1,8.05,clear sky
430,Sokolo,ML,14.7328,-6.1219,89.67,14,100,9.69,overcast clouds
431,Ketchikan,US,55.3422,-131.6461,44.6,70,90,10.36,light rain
432,Pimentel,PE,-6.8367,-79.9342,80.6,61,0,19.57,clear sky
433,Tomaszow Mazowiecki,PL,51.5313,20.0086,35.01,10,54,55.99,broken clouds
434,Cheremshan,RU,54.6667,51.5,14.47,96,100,17.45,light snow
435,Aksarka,RU,66.5606,67.7975,-20.13,87,100,10.33,overcast clouds
436,Angoram,PG,-4.0625,144.0661,72.95,98,100,2.15,overcast clouds
437,Tarakan,ID,3.3,117.6333,77.43,83,69,10.74,broken clouds
438,Huai Yot,TH,7.7893,99.6348,70.99,92,94,3.09,overcast clouds
439,Bodden Town,KY,19.2833,-81.25,80.01,78,75,10.36,broken clouds
440,Chittaurgarh,IN,24.8833,74.6333,67.95,33,0,8.25,clear sky
441,Atoka,US,34.4001,-96.0169,68.0,32,1,11.5,clear sky
442,Rio Grande,BR,-32.035,-52.0986,80.6,57,20,12.66,few clouds
443,San Jose,US,37.3394,-121.895,63.0,31,40,10.36,scattered clouds
444,Watrous,CA,51.6668,-105.4679,35.6,75,0,8.05,clear sky
445,Lhokseumawe,ID,5.1801,97.1507,76.26,83,100,4.76,overcast clouds
446,Dakar,SN,14.6937,-17.4441,66.2,77,0,13.8,clear sky
447,Saint-Paul,RE,-21.0096,55.2707,71.01,88,25,1.01,scattered clouds
448,Marsh Harbour,BS,26.5412,-77.0636,68.68,73,48,24.58,scattered clouds
449,Qasigiannguit,GL,68.8193,-51.1922,19.4,68,90,13.8,overcast clouds
450,Jonkoping,SE,57.7814,14.1562,28.4,59,0,9.22,clear sky
451,Itarema,BR,-2.9248,-39.9167,80.55,79,86,11.92,light rain
452,Port Arthur,CN,38.8,121.2667,23.0,74,0,2.24,clear sky
453,Pandan,PH,14.0453,124.1694,77.77,82,92,10.76,overcast clouds
454,Tacuarembo,UY,-31.7333,-55.9833,80.62,49,0,3.91,clear sky
455,Panjab,AF,34.388,67.0233,18.72,83,0,1.5,clear sky
456,Priiskovyy,RU,51.9333,116.6333,6.3,92,20,4.14,few clouds
457,Ilo,PE,-17.6394,-71.3375,75.78,72,17,10.47,few clouds
458,Vanimo,PG,-2.6741,141.3028,76.64,84,100,4.34,overcast clouds
459,Port Hardy,CA,50.6996,-127.4199,44.6,76,75,16.11,light rain
460,Calbuco,CL,-41.768,-73.1273,68.0,56,20,10.36,few clouds
461,Ubinskoye,RU,55.3068,79.6802,26.78,97,100,18.59,overcast clouds
462,Wajid,SO,3.8093,43.2471,76.48,41,30,17.76,scattered clouds
463,Tranas,SE,58.0372,14.9782,30.2,46,1,6.91,clear sky
464,Urusha,RU,54.05,122.9,1.15,94,97,1.83,overcast clouds
465,Sovetskiy,RU,61.3614,63.5842,-5.53,92,92,0.87,overcast clouds
466,Buxton,GB,53.2574,-1.9098,36.0,79,29,3.89,scattered clouds
467,Iracoubo,GF,5.4802,-53.2011,78.84,87,61,12.77,broken clouds
468,Atbasar,KZ,51.8,68.3333,31.35,98,100,23.82,light snow
469,San Juan De Uraba,CO,8.7592,-76.5297,81.97,77,76,14.92,broken clouds
470,Saint-Francois,FR,46.4154,3.9054,45.0,93,90,1.14,mist
471,Pontes E Lacerda,BR,-15.2261,-59.3353,82.18,80,4,3.02,clear sky
472,Bonnyville,CA,54.2668,-110.735,42.8,42,75,2.3,broken clouds
473,San Quintin,MX,30.4833,-115.95,60.62,65,54,12.37,broken clouds
474,Alta Floresta,BR,-9.8756,-56.0861,82.4,69,40,4.61,scattered clouds
475,Cagliari,IT,39.245,9.0912,59.0,88,20,13.8,few clouds
476,Hovd,MN,48.0056,91.6419,21.54,71,80,1.32,broken clouds
477,Monrovia,LR,6.3005,-10.7969,78.8,94,20,8.7,few clouds
478,Adrar,MR,20.5022,-10.0711,67.98,25,4,10.98,clear sky
479,Varadero,CU,23.1536,-81.2514,75.2,60,75,17.27,broken clouds
480,Ibra,OM,22.6906,58.5334,64.83,59,0,2.68,clear sky
481,Khonsa,IN,27.0167,95.5667,57.52,63,59,3.65,broken clouds
482,Shanghai,CN,31.2222,121.4581,50.0,93,90,4.47,overcast clouds
483,Trojes,AL,41.756,19.962,41.0,87,75,4.61,broken clouds
484,Ingleside,US,27.8778,-97.2117,69.8,35,1,19.57,clear sky
485,Pedernales,DO,18.0384,-71.744,83.62,58,6,4.38,clear sky
486,Uvarovka,RU,55.5278,35.6061,18.86,94,68,10.87,broken clouds
487,Haverfordwest,GB,51.8017,-4.9691,37.99,81,22,4.0,few clouds
488,Bosaso,SO,11.2842,49.1816,75.27,75,21,1.74,few clouds
489,Buin,CL,-33.7333,-70.75,91.0,39,0,8.05,clear sky
490,Pokaran,IN,26.9167,71.9167,74.5,44,0,12.77,clear sky
491,Samfya,ZM,-11.3649,29.5565,67.35,93,100,4.07,moderate rain
492,Diplo,PK,24.4667,69.584,71.73,76,0,14.0,clear sky
493,Danilovka,RU,50.3557,44.1168,27.32,92,100,20.54,overcast clouds
494,Lahat,ID,-3.8,103.5333,70.39,84,76,2.44,broken clouds
495,Koumac,NC,-20.5667,164.2833,76.8,73,5,4.68,clear sky
496,Riyadh,SA,24.6877,46.7219,64.4,32,0,5.75,clear sky
497,Bwanga,TZ,-3.0308,31.7601,62.92,95,99,5.82,overcast clouds
498,Andros,GR,37.8333,24.9333,52.0,66,0,14.97,clear sky
499,Olga,RU,43.7444,135.2892,20.14,89,0,9.19,clear sky
500,Boa Vista,BR,2.8197,-60.6733,82.4,74,75,17.27,broken clouds
501,Cieza,ES,38.24,-1.4199,54.0,97,100,1.01,overcast clouds
502,Kanlagay,PH,5.8757,121.2915,78.26,78,89,1.72,overcast clouds
503,Saint-Joseph,RE,-21.3667,55.6167,77.0,88,37,4.61,scattered clouds
504,Ghanzi,BW,-21.5667,21.7833,70.5,51,4,4.97,clear sky
505,La Sarre,CA,48.8002,-79.1996,7.81,91,22,1.99,few clouds
506,Narsaq,GL,60.9167,-46.05,30.2,86,75,6.91,light snow
507,Kananga,CD,-5.8958,22.4178,65.61,96,100,1.81,overcast clouds
508,Vista Hermosa,MX,19.5167,-99.2167,78.8,12,75,4.61,broken clouds
509,Isla Mujeres,MX,21.2311,-86.731,78.8,57,75,10.36,broken clouds
510,Toyooka,JP,35.5333,134.8333,41.0,87,75,4.61,broken clouds
511,Ushtobe,KZ,45.2514,77.9838,36.23,77,87,5.91,overcast clouds
512,Bubaque,GW,11.2833,-15.8333,76.06,72,10,16.28,clear sky
513,Touros,BR,-5.1989,-35.4608,80.6,78,20,6.91,few clouds
514,Hirara,JP,24.8,125.2833,70.72,83,76,17.98,broken clouds
515,Sinnamary,GF,5.3833,-52.95,78.35,88,84,13.0,broken clouds
516,Kichera,RU,55.9375,110.0997,21.45,93,100,9.35,light snow
517,Arlit,NE,18.7369,7.3853,81.81,14,92,4.72,overcast clouds
518,Santa Isabel,BR,-23.3156,-46.2214,69.8,94,75,5.75,moderate rain
519,Colac,AU,-38.3333,143.5833,59.0,97,99,3.91,light rain
520,Batagay-Alyta,RU,67.8006,130.4114,-17.77,78,100,2.21,overcast clouds
521,Comodoro Rivadavia,AR,-45.8667,-67.5,62.6,42,40,23.02,scattered clouds
522,Manyana,BW,-23.4,21.7167,72.14,42,64,4.25,broken clouds
523,Bria,CF,6.5423,21.9863,77.16,22,44,2.26,scattered clouds
524,Xiaoweizhai,CN,26.1903,107.5125,47.7,90,100,2.42,overcast clouds
525,Gulariya,NP,28.2333,81.3333,66.0,48,0,8.01,clear sky
526,Dawlatabad,AF,36.4141,64.9053,45.86,76,48,1.07,scattered clouds
527,Umm Bab,QA,25.2142,50.8072,61.0,72,1,6.91,clear sky
528,Pattao,PH,18.2493,121.8159,68.68,90,23,2.24,few clouds
529,Kamaishi,JP,39.2667,141.8833,32.47,84,13,4.92,few clouds
530,Pringsewu,ID,-5.3582,104.9744,72.48,90,100,0.43,overcast clouds
531,Ndele,CF,8.4109,20.6473,77.77,18,1,3.0,clear sky
532,Campoverde,PE,-8.4753,-74.8058,87.08,62,41,0.98,scattered clouds
533,Sao Borja,BR,-28.6606,-56.0044,86.45,27,0,4.99,clear sky
534,Sao Gabriel,BR,-30.3364,-54.32,79.47,55,0,3.74,clear sky
535,Niono,ML,14.2526,-5.993,87.21,16,14,10.02,few clouds
536,Gazanjyk,TM,39.2446,55.5154,46.44,66,87,6.64,overcast clouds
537,Iqaluit,CA,63.7506,-68.5145,-2.2,71,90,6.91,overcast clouds
538,Lotofaga,WS,-13.9764,-171.8578,87.8,79,40,6.91,scattered clouds
539,Carbondale,US,37.7273,-89.2168,64.4,24,1,7.61,clear sky
540,Shemonaikha,KZ,50.6328,81.9056,16.75,91,67,7.54,broken clouds
541,Tahta,EG,26.7693,31.5021,69.8,28,0,13.8,clear sky
542,Acapulco,MX,16.8634,-99.8901,84.2,70,1,12.66,clear sky
543,Fortuna,US,40.5982,-124.1573,54.0,62,20,11.5,few clouds
544,Acajutla,SV,13.5928,-89.8275,93.2,27,40,4.61,scattered clouds
545,Port-Cartier,CA,50.0334,-66.8654,28.4,50,94,11.5,overcast clouds
546,Rocha,UY,-34.4833,-54.3333,74.46,68,10,8.9,clear sky
547,Cabo San Lucas,MX,22.8909,-109.9124,80.01,25,20,12.66,few clouds
548,Pandamatenga,BW,-18.5278,25.627,65.34,60,0,1.79,clear sky
549,Isiolo,KE,0.3546,37.5822,71.11,51,0,5.17,clear sky
550,Astana,KZ,51.1801,71.446,24.8,86,40,17.9,snow
551,Markova,UA,48.6758,24.4138,24.66,92,4,7.96,clear sky
552,Shenzhen,CN,22.5455,114.0683,66.99,99,50,5.61,scattered clouds
553,Kosonsoy,UZ,41.2561,71.5508,41.09,70,94,4.81,overcast clouds
554,Saint-Louis,SN,16.3333,-15.0,84.2,32,0,2.3,clear sky
555,Mont-Dore,NC,-22.2833,166.5833,79.0,99,71,10.36,broken clouds
556,Tazovskiy,RU,67.4667,78.7,-21.05,88,94,2.3,overcast clouds
557,Ambilobe,MG,-13.2,49.05,74.86,95,100,2.24,moderate rain
558,Havelock,US,34.8791,-76.9013,52.0,46,1,12.66,clear sky
559,Show Low,US,34.2542,-110.0298,63.0,17,94,5.01,overcast clouds
560,Angoche,MZ,-16.2325,39.9086,76.87,87,61,6.46,broken clouds
561,Campeche,MX,19.0,-90.5,87.01,35,1,8.55,clear sky
562,Sokoni,TZ,-6.4333,39.55,80.22,75,100,11.21,overcast clouds
563,Victor Harbor,AU,-35.5667,138.6167,64.0,79,57,11.99,broken clouds
564,La Ronge,CA,55.1001,-105.2842,46.4,36,0,10.36,clear sky
565,Luau,AO,-10.7073,22.2247,64.65,97,100,2.53,moderate rain
566,Kericho,KE,-0.3677,35.2831,82.4,57,0,5.75,clear sky
567,Sinnai,IT,39.3042,9.2036,59.0,88,20,13.8,few clouds
568,Kontagora,NG,10.3999,5.4695,81.81,17,3,3.09,clear sky
569,Bandarbeyla,SO,9.4942,50.8122,75.58,79,1,12.59,clear sky
570,Bereda,ES,43.2686,-7.5406,42.01,89,74,8.99,broken clouds
571,Ifakara,TZ,-8.1333,36.6833,73.08,90,100,2.48,overcast clouds
572,Rio Gallegos,AR,-51.6226,-69.2181,53.6,32,40,35.68,scattered clouds
573,Gaildorf,DE,49.0003,9.7695,32.0,74,0,5.75,clear sky
574,Shirokiy,RU,49.758,129.523,-2.72,93,35,4.18,scattered clouds
575,South Lake Tahoe,US,38.9332,-119.9844,59.0,43,1,4.61,clear sky
576,Lawrence,US,38.9717,-95.2353,69.8,17,1,19.57,clear sky
577,Shellbrook,CA,53.2168,-106.4011,42.8,49,40,11.5,scattered clouds
578,Killybegs,IE,54.6333,-8.45,44.91,90,99,10.98,overcast clouds
579,Nouadhibou,MR,20.931,-17.0347,66.2,68,0,21.85,clear sky
580,Teguldet,RU,57.3064,88.1667,6.6,95,97,4.99,overcast clouds
581,Mwense,ZM,-10.3845,28.698,66.9,92,100,1.97,moderate rain
582,Vangaindrano,MG,-23.35,47.6,73.06,86,43,6.85,scattered clouds
583,Mecca,SA,21.4267,39.8261,75.27,55,0,1.68,clear sky
584,Baoqing,CN,46.3317,132.2111,5.72,91,0,4.09,clear sky
585,Coquimbo,CL,-29.9533,-71.3436,64.4,82,75,9.22,broken clouds
586,Sorong,ID,-0.8833,131.25,79.65,80,96,4.68,overcast clouds
587,Shache,CN,38.4167,77.2406,44.15,54,100,3.2,overcast clouds
588,Encruzilhada Do Sul,BR,-30.5439,-52.5219,66.18,81,4,6.38,clear sky
589,Pandan Niog,PH,6.2282,120.5631,81.45,78,82,13.98,broken clouds
590,Porosozero,RU,62.7191,32.727,6.49,94,100,12.44,overcast clouds
591,Vinces,EC,-1.55,-79.7333,82.4,74,75,4.61,moderate rain
592,Koungou,YT,-12.7336,45.2042,82.4,83,0,9.22,light rain
593,Sisimiut,GL,66.9395,-53.6735,14.77,94,99,15.1,overcast clouds
594,Kondinskoye,RU,59.6481,67.41,4.42,95,100,5.84,light snow
595,Dudinka,RU,69.4058,86.1778,-15.7,89,100,4.63,overcast clouds
596,Mayumba,GA,-3.432,10.6554,78.98,81,28,2.46,scattered clouds
597,Valparaiso,CL,-33.0393,-71.6273,78.8,47,0,16.11,clear sky
598,Amahai,ID,-3.3333,128.9167,77.04,81,44,5.88,scattered clouds
599,Willowmore,ZA,-33.2926,23.4895,63.7,67,98,6.2,overcast clouds
600,Arica,CL,-18.475,-70.3042,73.4,68,0,13.8,clear sky
601,Diego De Almagro,CL,-26.3667,-70.05,80.49,25,0,11.12,clear sky
602,Tessalit,ML,20.1986,1.0114,80.49,16,100,10.38,overcast clouds
603,Tokur,RU,53.1333,132.9,-12.42,91,100,4.94,overcast clouds
604,Hobyo,SO,5.3505,48.5268,78.17,79,32,15.84,scattered clouds
605,Yala,TH,6.3333,101.25,68.9,93,76,2.39,broken clouds
606,Flin Flon,CA,54.7682,-101.865,46.4,36,20,14.97,few clouds
607,Sechura,PE,-5.5569,-80.8222,83.66,54,79,15.26,broken clouds
608,San Cristobal,VE,7.7669,-72.225,86.0,58,40,5.75,scattered clouds
609,Xuddur,SO,4.1213,43.8894,69.84,79,22,15.79,few clouds
610,Kysyl-Syr,RU,63.8986,122.7617,-9.62,89,100,9.53,overcast clouds
611,Piney Green,US,34.716,-77.3202,55.4,24,1,12.66,clear sky
612,Ulaanbaatar,MN,47.9077,106.8832,5.0,85,0,2.24,clear sky
613,Bambanglipuro,ID,-7.95,110.2833,75.49,85,100,3.65,overcast clouds
614,Kauhajoki,FI,62.4333,22.1833,17.6,79,0,8.05,clear sky
615,Esmeraldas,BR,-19.7625,-44.3139,77.0,73,40,5.75,scattered clouds
616,Grand Gaube,MU,-20.0064,57.6608,80.01,81,61,12.44,broken clouds
617,Kodinsk,RU,58.6881,99.1844,13.41,94,100,12.08,overcast clouds
618,Lorengau,PG,-2.0226,147.2712,79.61,81,100,5.41,moderate rain
619,Dobryatino,RU,55.5055,41.3195,14.09,96,53,6.82,broken clouds
620,Sembabule,UG,-0.0772,31.4567,66.7,76,93,2.26,overcast clouds
621,Cartagena,CO,10.3997,-75.5144,86.0,70,40,18.41,scattered clouds
622,Tabory,RU,58.5198,64.5495,1.29,94,98,4.54,overcast clouds
623,Trelew,AR,-43.249,-65.3051,84.45,14,0,36.86,clear sky
624,Neulengbach,AT,48.1974,15.9022,32.0,86,69,3.96,broken clouds
625,Xam Nua,LA,20.4197,104.0439,61.83,91,90,2.48,overcast clouds
626,Lompoc,US,34.6391,-120.4579,59.0,62,75,8.05,broken clouds
627,Whitehorse,CA,60.7161,-135.0538,19.99,53,75,6.91,broken clouds
628,East Wenatchee Bench,US,47.4257,-120.2812,50.0,56,90,12.66,overcast clouds
629,Rach Gia,VN,10.0167,105.0833,75.2,94,74,2.3,broken clouds
630,Itaituba,BR,-4.2761,-55.9836,89.6,58,40,5.75,scattered clouds
631,Ulladulla,AU,-35.35,150.4667,64.4,94,66,4.29,light rain
632,Pinheiro Machado,BR,-31.5783,-53.3811,78.01,55,1,1.01,clear sky
633,Chongqing,CN,29.5628,106.5528,53.01,100,40,6.71,scattered clouds
634,Oxelosund,SE,58.6706,17.1015,30.2,43,0,9.22,clear sky
635,Saint-Augustin,CA,51.226,-58.6502,24.13,93,98,8.88,overcast clouds
636,Ola,RU,59.5833,151.2833,-11.58,78,3,4.99,clear sky
637,Formosa Do Rio Preto,BR,-11.0483,-45.1931,76.42,74,7,2.35,clear sky
638,Pimenteiras,BR,-6.2453,-41.4192,79.68,70,84,4.41,broken clouds
639,Aksarayskiy,RU,46.7924,48.0119,23.0,74,0,8.95,clear sky
640,Taltal,CL,-25.4,-70.4833,70.32,67,21,7.58,few clouds
641,Dwarka,IN,22.2394,68.9678,75.22,83,0,9.69,clear sky
642,Matay,EG,28.419,30.7792,56.8,45,0,9.78,clear sky
643,Coahuayana,MX,18.7333,-103.6833,86.0,42,1,11.5,clear sky
644,Ruangwa,TZ,-10.0667,38.9333,70.9,93,100,2.42,overcast clouds
645,Uruzgan,AF,32.8333,66.0,44.02,55,0,0.76,clear sky
646,Talakan,RU,50.3167,130.3667,-5.73,90,69,2.53,broken clouds
647,Saint Anthony,US,45.0205,-93.218,60.8,48,1,14.97,clear sky
648,Dandong,CN,40.1292,124.3947,29.61,80,0,2.62,clear sky
649,Miri,MY,4.4148,114.0089,77.0,100,40,2.3,scattered clouds
650,Kirzhach,RU,56.15,38.8667,14.85,95,75,6.53,broken clouds
651,Najran,SA,17.4924,44.1277,64.4,36,0,3.06,clear sky
652,Beloha,MG,-25.1667,45.05,69.96,89,0,5.95,clear sky
653,Celendin,PE,-6.8703,-78.1517,61.09,75,92,6.4,moderate rain
654,Skjervoy,NO,70.0311,20.9714,29.32,85,100,11.77,light snow
655,Kawalu,ID,-7.3817,108.2082,72.45,86,100,2.15,overcast clouds
656,Jalu,LY,29.0331,21.5482,65.77,28,0,10.49,clear sky
657,Bulaevo,KZ,54.9056,70.4439,25.3,98,100,20.04,light snow
658,Shu,KZ,43.5983,73.7614,38.25,93,85,1.99,overcast clouds
659,Ostrovnoy,RU,68.0531,39.5131,0.57,92,100,7.07,overcast clouds
660,Stromness,GB,58.965,-3.296,42.8,100,75,2.3,light rain
661,Mikuni,JP,36.2171,136.1519,41.0,75,75,10.36,broken clouds
662,Flinders,AU,-34.5833,150.8552,71.01,89,40,1.01,scattered clouds
663,Klaeng,TH,12.7797,101.6483,81.0,95,53,3.33,broken clouds
664,Maksatikha,RU,57.797,35.8825,16.39,97,100,5.3,light snow
665,Hudson Bay,CA,52.85,-102.3842,40.98,69,0,9.17,clear sky
666,Bouar,CF,5.934,15.596,71.49,22,78,3.36,broken clouds
667,Zhicheng,CN,30.2956,111.5047,44.01,91,93,2.46,light rain
668,Robertsport,LR,6.7533,-11.3686,79.97,85,20,9.35,few clouds
669,Madison,US,34.7334,-86.5667,61.0,25,1,12.66,clear sky
670,Agadez,NE,19.75,10.25,75.6,18,100,3.96,overcast clouds
671,Constantine,DZ,36.365,6.6147,51.8,76,75,6.91,broken clouds
672,Thunder Bay,CA,48.4001,-89.3168,35.01,69,90,17.27,overcast clouds
673,Sao Joao Da Barra,BR,-21.6403,-41.0511,73.4,94,90,11.5,moderate rain
674,Nurota,UZ,40.5614,65.6886,37.4,93,45,9.22,mist
675,Kasongo-Lunda,CD,-6.4667,16.8167,70.74,93,100,2.68,light rain
676,Rivera,UY,-30.9053,-55.5508,71.94,56,0,1.99,clear sky
677,Nakusp,CA,50.2499,-117.8023,41.0,70,100,2.3,overcast clouds
678,Puerto Carreno,CO,6.189,-67.4859,96.69,34,100,9.28,overcast clouds
679,Baglan,AF,36.1307,68.7083,45.54,76,0,1.54,clear sky
680,Camopi,GF,3.1655,-52.3158,75.61,86,39,3.69,scattered clouds
681,Yaring,TH,6.8662,101.3689,73.42,88,100,6.6,overcast clouds
682,Sungaipenuh,ID,-2.0833,101.3833,63.63,94,100,0.89,overcast clouds
683,Puerto Ayacucho,VE,5.6639,-67.6236,88.2,61,91,5.46,overcast clouds
684,Tanout,NE,14.9709,8.8879,76.93,15,4,10.87,clear sky
685,Manaure,CO,11.7751,-72.4445,86.81,58,75,18.52,broken clouds
686,Massaguet,TD,12.4755,15.4365,80.6,9,66,5.75,broken clouds
687,Cowra,AU,-33.8333,148.6833,62.01,79,95,1.01,overcast clouds
688,Balykshi,KZ,47.0667,51.8667,19.4,93,0,6.71,mist
689,Watsa,CD,3.0372,29.5355,68.92,52,70,2.98,broken clouds
690,Mitchell,US,43.7094,-98.0298,69.8,21,1,3.44,clear sky
691,Laguna,US,38.421,-121.4238,64.99,39,1,5.75,clear sky
692,Lazaro Cardenas,MX,17.9583,-102.2,83.39,57,4,13.38,clear sky
693,Necochea,AR,-38.5473,-58.7368,90.09,31,62,9.17,broken clouds
694,San Isidro,PE,-12.1167,-77.05,80.6,65,0,9.22,light rain
695,Baie-Comeau,CA,49.2168,-68.1489,24.8,50,1,16.11,clear sky
696,Nome,US,64.5011,-165.4064,30.2,93,90,28.77,mist
697,Waw,SS,7.7029,27.9953,80.55,17,46,4.74,scattered clouds
698,Junction City,US,39.0286,-96.8314,69.8,28,1,21.85,clear sky
699,Soe,ID,-9.8607,124.284,65.32,100,21,2.21,few clouds
700,Kropotkin,RU,45.4375,40.5756,29.95,88,0,6.35,clear sky
701,Makakilo City,US,21.3469,-158.0858,80.6,50,1,10.36,clear sky
702,Kismayo,SO,-0.3582,42.5454,78.01,82,46,16.02,scattered clouds
703,Vila Do Maio,CV,15.1333,-23.2167,68.0,73,0,20.71,clear sky
704,Isoka,ZM,-10.1606,32.6335,63.52,99,100,2.35,light rain
705,Terney,RU,45.0503,136.6092,17.01,89,0,7.85,clear sky
706,San Rafael,AR,-34.6177,-68.3301,92.97,21,19,7.14,few clouds
707,Colombia,CU,20.9881,-77.4297,80.6,65,75,12.66,moderate rain
